DateID,ProductID,StoreID,CustomerID,QuantityOrdered,OrderAmount,DiscountAmount,Shipping Cost,TotalAmount
20240728,501,74,264,1,834,75.79902591522129,100.56510878621738,657.6358652985614
20240728,80,74,933,5,703,14.729489644937424,46.83432577955112,641.4361845755114
20240728,22,74,511,2,876,57.202198926760154,102.223494560169,716.5743065130708
20240728,39,74,69,16,720,21.271318977781423,87.29234210397559,611.436338918243
20240728,741,74,991,2,238,19.132277507907485,26.886725516191913,191.9809969759006
20240728,599,74,831,6,828,66.84031660548189,111.95084451868716,649.2088388758309
20240728,592,74,737,2,268,6.917963725401435,34.85540211456142,226.22663416003715
20240728,176,74,134,11,763,42.334911696214846,66.54473149186727,654.1203568119179
20240728,814,74,562,8,259,33.87206241688313,23.08914697021159,202.03879061290527
20240728,652,74,663,13,649,14.974577167560717,66.41380890048532,567.611613931954
20240728,978,74,620,7,770,33.955953537080774,74.84128455321236,661.2027619097069
20240728,795,74,981,16,894,73.4043934396039,79.2566996430553,741.3389069173409
20240728,201,74,982,5,518,55.94690308459834,33.85122343760616,428.2018734777955
20240728,947,74,509,12,783,16.03661948362281,67.11527816892618,699.848102347451
20240728,201,74,947,4,443,39.9990178008574,52.54569550478964,350.45528669435294
20240728,944,74,668,12,926,89.32373120410834,128.00974337235073,708.6665254235409
20240728,975,74,616,14,369,22.6180036860653,44.8041571210301,301.5778391929046
20240728,532,74,352,5,640,33.80508956202273,64.29123936003519,541.9036710779421
20240728,68,74,572,18,189,18.334687623092503,22.05596482759163,148.60934754931588
20240728,145,74,421,19,803,105.24899939987925,93.98781308980467,603.7631875103161
20240728,99,74,976,15,742,65.79527231095383,91.42332559073425,584.7814020983119
20240728,423,74,850,15,876,48.35727138832388,121.05348781092894,706.5892408007471
20240728,80,74,13,4,336,8.06353187330849,40.92894319845682,287.0075249282347
20240728,768,74,464,9,453,47.035255023322954,47.64843037798825,358.3163145986888
20240728,612,74,541,4,766,38.903113146087094,114.57564002406487,612.521246829848
20240728,383,74,569,8,401,22.053500179173785,33.437280217244435,345.50921960358176
20240728,108,74,58,17,581,81.21975469843213,64.96133090605754,434.8189143955103
20240728,708,74,175,14,212,30.78936301258776,30.629161006996164,150.5814759804161
20240728,735,74,458,6,795,79.6631089695472,88.97065108058985,626.366239949863
20240728,218,74,636,16,181,5.669486680680898,17.965785946750966,157.36472737256813
20240728,772,74,36,14,794,27.444894326547512,117.79913923743219,648.7559664360203
20240728,624,74,206,9,182,14.776796404813728,24.41450552974904,142.80869806543723
20240728,494,74,397,16,863,113.84505851690447,109.41247013293079,639.7424713501648
20240728,855,74,157,15,284,29.118301372501353,16.509316265818804,238.37238236167985
20240728,201,74,348,18,835,49.00148748947734,110.73185697038215,675.2666555401405
20240728,481,74,33,14,812,61.82743388723789,90.38568912070345,659.7868769920586
20240728,859,74,6,17,667,38.037266890992186,67.74733780219046,561.2153953068173
20240728,376,74,851,19,332,11.398584625003151,44.47030313585347,276.13111223914336
20240728,144,74,514,16,837,92.96001138911788,95.43986940697971,648.6001192039024
20240728,837,74,734,19,628,47.75584424624313,79.09942046577818,501.1447352879787
20240728,793,74,926,11,607,66.58394587387508,45.982796811782784,494.43325731434214
20240728,537,74,935,16,289,9.427930998723758,37.42359447743811,242.14847452383813
20240728,341,74,677,1,740,96.99777340399812,101.11878604204777,541.8834405539541
20240728,260,74,66,17,153,19.409250839944807,8.976563990487495,124.61418516956769
20240728,621,74,693,15,998,71.95106804712519,100.21545941063128,825.8334725422435
20240728,740,74,494,9,498,41.28406448122501,25.60679029926472,431.10914521951025
20240728,702,74,110,17,765,64.3818915703235,49.52614397690782,651.0919644527687
20240728,426,74,809,20,730,19.868913765809086,75.01855028461686,635.1125359495741
20240728,454,74,980,15,713,63.48634291269995,45.184383873124624,604.3292732141754
20240728,563,74,387,10,718,64.76657794765804,84.43814220826505,568.795279844077
20240728,10,74,879,19,816,37.1430911419892,75.59071178473644,703.2661970732744
20240728,485,74,828,5,475,68.63303775894828,32.73610475915475,373.630857481897
20240728,421,74,479,13,943,88.82449115065018,116.40592110860474,737.769587740745
20240728,548,74,610,20,226,25.8165177150172,28.11056925552118,172.07291302946163
20240728,252,74,243,19,313,8.841276020068026,31.87487649949224,272.2838474804397
20240728,249,74,785,7,424,18.646970069741307,22.587131969224167,382.7658979610345
20240728,820,74,704,20,803,106.51074049433518,92.33230831029819,604.1569511953667
20240728,914,74,930,5,294,30.66343070989767,43.22503702547571,220.11153226462662
20240728,660,74,444,10,286,35.14644027086927,24.50543407311613,226.3481256560146
20240728,33,74,631,20,928,100.76584681159542,123.53578492663185,703.6983682617727
20240728,153,74,166,18,896,32.9874289032618,104.34646132183322,758.666109774905
20240728,572,74,92,4,890,86.48183123248927,92.08849058455733,711.4296781829535
20240728,851,74,107,8,261,15.227335403935886,35.307185686936585,210.4654789091275
20240728,808,74,273,15,176,16.208936277928565,15.850729682535432,143.940334039536
20240728,750,74,718,2,164,18.19329589264207,20.186694811849236,125.6200092955087
20240728,91,74,617,3,322,18.698885136743968,17.935590763435375,285.3655240998207
20240728,393,74,261,7,751,71.95907291200254,83.01483742067464,596.0260896673228
20240728,353,74,921,18,722,38.12683093015778,38.53916800328103,645.3340010665612
20240728,177,74,100,12,274,29.87321630521623,34.70195429150903,209.42482940327474
20240728,325,74,454,11,494,55.86245982125121,55.8477299777753,382.2898102009735
20240728,134,74,472,4,622,20.542814015820927,67.79936878563383,533.6578171985452
20240728,315,74,227,8,931,86.35203814415827,114.7424588802046,729.9055029756371
20240728,445,74,320,1,577,86.16723939350643,85.00613607669379,405.8266245297998
20240728,708,74,167,13,775,90.73674021739039,115.92675911596176,568.3365006666479
20240728,193,74,512,6,326,12.799981228008868,25.14859492974577,288.05142384224536
20240728,972,74,213,4,419,31.819489458016058,53.88102167385939,333.29948886812457
20240728,201,74,63,2,226,24.65491004043965,30.544680658498343,170.80040930106202
20240728,130,74,774,6,597,34.058687078653136,42.92817541989001,520.0131375014569
20240728,827,74,699,9,940,88.70436306950923,100.08664604121374,751.2089908892771
20240728,897,74,842,17,235,12.109276358717437,27.47732900546096,195.4133946358216
20240728,724,74,98,9,964,70.33412355619137,143.75663981778837,749.9092366260203
20240728,495,74,148,19,235,11.412120584019773,11.860466922016213,211.727412493964
20240728,315,74,39,17,710,54.488407333726556,51.25723309529367,604.2543595709798
20240728,100,74,919,17,287,19.812819121260944,30.660660705437035,236.526520173302
20240728,184,74,102,5,566,59.50566152097176,48.954688914549344,457.5396495644789
20240728,84,74,629,18,760,66.31938232837719,75.71703643062938,617.9635812409934
20240728,202,74,375,3,609,52.419336479393536,77.27161118050996,479.3090523400965
20240728,277,74,939,6,847,116.4158816774213,89.91110919675965,640.673009125819
20240728,969,74,610,15,299,35.49485763412739,40.26085871212511,223.2442836537475
20240728,93,74,792,11,561,83.20030588008719,38.752696430807134,439.0469976891057
20240728,401,74,157,8,514,59.63704713086855,55.087867553260594,399.27508531587085
20240728,200,74,203,20,401,44.96283674400192,24.276754620275952,331.7604086357221
20240728,50,74,551,6,584,69.68799312332564,58.655938881056514,455.65606799561783
20240728,155,74,711,12,872,121.18763834246163,51.83218571127863,698.9801759462598
20240728,596,74,477,3,395,25.483504543599526,35.463343465900856,334.0531519904996
20240728,144,74,288,20,819,74.97563937698996,72.12399971923757,671.9003609037725
20240728,159,74,43,17,899,50.32121641953689,70.64841233006851,778.0303712503946
20240728,313,74,741,7,318,32.603909475790545,17.02617828780859,268.36991223640086
20240728,76,74,749,19,629,75.70905022407908,86.50600770314529,466.7849420727756
20240728,918,74,476,17,348,26.734409162917103,26.214533919756796,295.0510569173261
20240728,257,74,409,5,724,50.80346947805042,76.16180415825905,597.0347263636905
20240728,986,74,435,13,930,30.29366310997731,57.62327716900259,842.0830597210202
20240728,233,74,490,10,995,98.12774062813946,64.14253879374576,832.7297205781148
20240728,510,74,466,9,575,84.97358773062629,74.07596799753992,415.9504442718338
20240728,689,74,627,10,724,101.42507586554711,67.03265282176312,555.5422713126898
20240728,476,74,250,9,983,67.31940860714899,75.02125811060588,840.6593332822451
20240728,518,74,589,17,670,26.845937479379685,39.753071661780375,603.4009908588399
20240728,414,74,532,12,395,36.17951002637549,50.0156522446326,308.8048377289919
20240728,815,74,901,7,568,77.92619101431228,49.96732689863716,440.10648208705055
20240728,806,74,644,20,913,24.965705557961957,102.84777031784019,785.1865241241978
20240728,365,74,910,10,422,16.804398743586567,27.85410689078425,377.34149436562916
20240728,357,74,403,3,637,86.34477718723365,80.32954428460233,470.325678528164
20240728,284,74,580,16,792,88.64199056967385,67.57276621244397,635.7852432178822
20240728,187,74,806,4,422,27.93023451608381,49.59009923615253,344.47966624776365
20240728,78,74,108,11,537,33.1103136964062,73.4569163576602,430.4327699459336
20240728,58,74,372,16,453,51.82632104593625,48.307501351314066,352.8661776027497
20240728,146,74,481,15,378,40.38588917585771,50.29719184817123,287.316918975971
20240728,567,74,335,4,901,24.59523784942757,83.82613117697308,792.5786309735994
20240728,853,74,358,8,397,18.32550303336425,36.94556051762518,341.7289364490106
20240728,911,74,119,6,109,7.062973287305755,8.792194455784559,93.1448322569097
20240728,656,74,26,4,195,22.763019553064918,20.285827229572863,151.95115321736222
20240728,835,74,791,17,583,60.4796104543711,81.66463533254566,440.85575421308323
20240728,282,74,512,4,530,35.60361308179415,61.048477749023704,433.3479091691821
20240728,960,74,798,20,861,69.13582552402936,119.15799218926497,672.7061822867056
20240728,445,74,702,11,347,49.68525824086759,25.13942020138775,272.17532155774467
20240728,769,74,590,13,414,17.334009756803216,40.528782399549804,356.137207843647
20240728,468,74,232,11,816,106.42440244815198,107.68474596922874,601.8908515826192
20240728,437,74,906,6,438,14.631370664105036,53.97870023520055,369.3899291006944
20240728,506,74,965,10,975,74.01898705154461,68.18746317540209,832.7935497730533
20240728,540,74,23,8,274,9.182182771634626,28.356869307457647,236.46094792090773
20240728,697,74,833,13,112,2.724016121682842,12.023092395867367,97.2528914824498
20240728,661,74,762,16,130,10.635068027611851,16.827589554791068,102.53734241759707
20240728,890,74,701,20,341,16.595046931389593,43.93045839456536,280.47449467404505
20240728,452,74,853,12,177,6.801795152480764,25.938179757013703,144.26002509050554
20240728,296,74,684,20,853,69.14238663768495,76.46048962571649,707.3971237365986
20240728,45,74,993,4,108,15.41718268659206,12.486225258249661,80.09659205515828
20240728,548,74,104,5,287,19.234616689777013,37.65620071292376,230.10918259729922
20240728,909,74,271,15,491,28.628234395256708,60.86988477213099,401.5018808326123
20240728,590,74,334,8,937,133.0989050753865,109.6825587641092,694.2185361605043
20240728,510,74,263,14,631,38.88844966100914,51.790693672764704,540.3208566662262
20240728,885,74,72,2,680,90.81294887847122,100.7308620497049,488.45618907182387
20240728,782,74,500,5,388,33.16575198072911,36.34092211081108,318.49332590845984
20240728,104,74,868,11,332,28.605416024920853,45.64391486766023,257.7506691074189
20240728,866,74,269,16,408,27.780172771110443,33.52052899282097,346.69929823606856
20240728,683,74,615,2,148,18.665165421075784,17.90825420610156,111.42658037282266
20240728,927,74,62,7,465,9.997384053523952,32.743043326590616,422.25957261988543
20240728,344,74,103,10,178,8.75520573730846,12.423514604984303,156.82127965770724
20240728,437,74,222,4,872,124.1087850074423,65.85265868959102,682.0385563029668
20240728,804,74,737,17,773,84.51504373407171,72.33454802918048,616.1504082367478
20240728,267,74,354,10,652,93.3797365834234,33.43802748852398,525.1822359280526
20240728,97,74,830,17,425,53.78566166927651,51.660630068214964,319.5537082625085
20240728,842,74,496,9,555,36.69597274614816,53.141907256516035,465.1621199973358
20240728,281,74,406,16,110,6.773822212692367,7.415508758463629,95.810669028844
20240728,798,74,864,14,366,19.652074895208933,46.46463463751251,299.8832904672786
20240728,653,74,762,8,853,20.16955104301461,71.79207214000493,761.0383768169804
20240728,187,74,756,8,376,11.563818040764168,21.947559597487746,342.48862236174807
20240728,478,74,742,17,990,134.3700043876064,85.26853206465799,770.3614635477356
20240728,324,74,818,19,250,20.718262198713155,32.65452366537439,196.62721413591245
20240728,79,74,818,13,104,9.568286533587163,9.992293553764409,84.43941991264843
20240728,412,74,109,1,545,18.37163257752657,66.86475749233834,459.7636099301351
20240728,936,74,652,4,138,15.25591137119495,16.360559708929866,106.38352891987518
20240728,297,74,395,2,732,54.218521442705956,103.4436964706346,574.3377820866594
20240728,927,74,786,10,340,35.51357345358665,30.97566389461062,273.51076265180274
20240728,249,74,831,19,627,33.893379295677434,84.91836603671354,508.18825466760904
20240728,702,74,609,6,636,61.21091700744165,80.29620925114384,494.49287374141454
20240728,762,74,232,18,617,82.62803660482798,91.24160967389572,443.13035372127626
20240728,71,74,637,7,956,115.56957582904228,81.11011256357278,759.320311607385
20240728,576,74,651,14,317,24.6346650673257,27.07861993423629,265.286714998438
20240728,772,74,998,14,806,54.1025765650209,77.88942711083973,674.0079963241394
20240728,602,74,713,14,868,46.601686297633144,81.5894259594531,739.8088877429137
20240728,444,74,105,17,560,54.640229452550095,54.68890989419123,450.67086065325867
20240728,438,74,38,12,100,2.6619539459330883,14.759394095215114,82.5786519588518
20240728,793,74,304,11,592,72.67292668479826,86.51678337942103,432.8102899357807
20240728,399,74,768,11,604,68.27716490400172,65.37804161553625,470.34479348046204
20240728,381,74,383,16,189,14.959945358569588,13.28367995016628,160.75637469126414
20240728,583,74,221,18,556,71.94244591294239,38.13763929611191,445.9199147909457
20240728,871,74,356,19,954,104.50456770440474,53.34149864075386,796.1539336548415
20240728,924,74,12,11,113,4.10494401629524,12.772446621010692,96.12260936269406
20240728,615,74,279,18,337,40.75345791391245,19.653688144629008,276.59285394145854
20240728,175,74,189,4,400,52.01925329788498,34.3225874928003,313.6581592093147
20240728,527,74,573,7,694,23.497939418036154,68.80295234066071,601.6991082413032
20240728,748,74,444,11,793,118.4563724863496,115.3373096848769,559.2063178287735
20240728,674,74,214,12,317,39.33549739287197,37.72793145823983,239.9365711488882
20240728,615,74,850,17,152,10.487903336116718,9.776991529499048,131.73510513438424
20240728,520,74,709,2,758,55.11074957187525,111.80003217935905,591.0892182487657
20240728,851,74,448,14,201,11.279909883471023,17.73139530431648,171.9886948122125
20240728,460,74,28,14,487,60.768459567982376,43.579247210282155,382.6522932217355
20240728,320,74,993,5,212,6.668746815199702,16.072312825352327,189.25894035944796
20240728,209,74,496,13,525,35.385022402553126,70.33005810163527,419.2849194958116
20240728,390,74,184,13,552,58.262801329602546,74.9554252015873,418.7817734688101
20240728,341,74,541,6,136,14.462940399436839,17.592488283984483,103.94457131657867
20240728,163,74,92,18,235,20.92488453012115,27.45661992887175,186.6184955410071
20240728,327,74,100,2,328,46.3861429135815,32.942264564463485,248.671592521955
20240728,220,74,24,4,499,27.295498771122556,43.44237339010625,428.2621278387712
20240728,687,74,360,4,637,81.63091214394606,33.92713039880313,521.4419574572509
20240728,50,74,10,10,258,13.75467709690075,20.175546957716094,224.06977594538316
20240728,498,74,498,3,907,22.239528120552254,52.98983789273185,831.7706339867159
20240728,882,74,352,18,870,28.41045738815766,112.00046941060798,729.5890732012343
20240728,679,74,75,9,606,22.060074869633944,47.03204737817857,536.9078777521875
20240728,64,74,872,16,170,7.5832587684739226,14.679302429242497,147.73743880228358
20240728,204,74,946,16,275,33.154394943851095,34.134728583382255,207.71087647276664
20240728,69,74,331,11,104,4.343433527333963,9.277477635465514,90.37908883720053
20240728,509,74,202,14,993,131.09803245788942,127.13328484001788,734.7686827020927
20240728,483,74,859,10,343,15.748537866352894,43.14513278057163,284.10632935307547
20240728,971,74,185,3,136,6.193800155653839,12.936092235306258,116.8701076090399
20240728,384,74,379,4,368,40.238135563065896,48.382541530136635,279.3793229067975
20240728,184,74,26,9,304,45.39645279196404,40.44555965034277,218.1579875576932
20240728,53,74,14,17,563,68.16634881386918,28.668144372298823,466.165506813832
20240728,459,74,80,20,886,76.08822739647789,98.46631236858205,711.4454602349401
20240728,441,74,305,10,144,17.90637080226635,14.672408181407146,111.42122101632651
20240728,572,74,410,9,820,31.869328290280034,120.98980202093477,667.1408696887852
20240728,227,74,921,3,699,15.22480536565941,49.84279749841706,633.9323971359236
20240728,901,74,739,6,897,59.54306720521876,106.83135181040994,730.6255809843713
20240728,229,74,520,15,848,93.4394944531543,83.42807790094494,671.1324276459007
20240728,736,74,19,19,813,47.89540187288943,88.60596221443815,676.4986359126724
20240728,707,74,126,13,680,52.70247139957257,58.38286826699978,568.9146603334276
20240728,898,74,298,3,881,44.92379437628809,62.11465178693555,773.9615538367764
20240728,233,74,883,14,951,123.21656966526113,105.85019611734482,721.9332342173941
20240728,392,74,197,3,257,22.293472542765667,18.32484409403641,216.3816833631979
20240728,756,74,827,2,702,37.75073833352183,76.17103939281525,588.078222273663
20240728,615,74,490,16,824,121.30404788615452,66.79497064986435,635.9009814639811
20240728,311,74,280,13,856,105.16478579511954,49.76617623064514,701.0690379742354
20240728,81,74,410,11,276,19.67139108009934,29.09592097139944,227.23268794850122
20240728,965,74,84,15,370,32.46841503628928,35.770497469830644,301.76108749388004
20240728,149,74,807,8,284,32.48168416404691,35.27223028155256,216.24608555440054
20240728,136,74,426,6,208,27.492079573082552,19.477769541710465,161.03015088520698
20240728,393,74,502,20,758,92.06853101652555,89.91203069346251,576.019438290012
20240728,304,74,310,17,279,32.11790030040836,29.624189496052704,217.25791020353893
20240728,680,74,295,11,220,18.20213382380744,14.796625240898043,187.0012409352945
20240728,119,74,465,9,114,11.432638661427562,7.366609357972582,95.20075198059985
20240728,734,74,830,2,322,17.20287775585964,34.20004352891088,270.5970787152295
20240728,717,74,504,12,169,18.94755753979038,21.02924291149911,129.02319954871052
20240728,578,74,373,1,341,50.11216193224447,19.46040087503262,271.4274371927229
20240728,437,74,493,16,400,39.21298058714634,53.51707995022079,307.26993946263286
20240728,495,74,129,12,320,30.955680181568926,26.23587910973513,262.8084407086959
20240728,863,74,625,18,989,99.12259890567229,109.7573659964713,780.1200350978564
20240728,680,74,603,14,108,2.2279074165455928,7.6444965122175255,98.12759607123688
20240728,238,74,287,6,857,20.430347998098075,78.78739885325244,757.7822531486495
20240728,952,74,833,12,345,42.34133922941857,36.95479629452349,265.7038644760579
20240728,484,74,264,8,302,33.12027910107153,27.76318023307261,241.11654066585587
20240728,380,74,963,6,342,39.66479926515377,20.15760464224029,282.17759609260594
20240728,560,74,847,15,465,19.585677443483213,55.83398469215386,389.58033786436295
20240728,845,74,397,4,135,8.502088779569423,10.412896866648367,116.08501435378221
20240728,375,74,985,19,839,22.55575962740861,51.130189853345854,765.3140505192455
20240728,57,74,845,13,306,38.179100172893165,24.4099641953232,243.41093563178362
20240728,122,74,981,3,152,12.13406795296621,21.700066477149736,118.16586556988406
20240728,151,74,528,12,634,13.668369439062483,76.33504388209192,543.9965866788456
20240728,530,74,965,15,747,83.13830934739272,42.12360643413723,621.73808421847
20240728,204,74,320,20,444,31.21075026429769,27.31621207269617,385.47303766300615
20240728,768,74,294,2,758,22.22693627580773,96.44301608950171,639.3300476346906
20240728,154,74,917,9,561,18.017230407023735,45.280986743470635,497.70178284950566
20240728,780,74,574,13,217,26.490157216864738,29.75336708488767,160.75647569824758
20240728,597,74,85,19,841,84.669454244312,96.89904766642188,659.4314980892661
20240728,415,74,154,13,870,126.88334757336033,77.31279146116773,665.8038609654719
20240728,579,74,365,18,244,8.852208937498547,35.36519769034123,199.78259337216022
20240728,99,74,655,1,186,6.265480176993345,27.633479976027786,152.10103984697886
20240728,65,74,518,9,788,73.77805977183824,57.64101845684878,656.580921771313
20240728,550,74,580,14,849,69.72332730853175,73.31669605186306,705.9599766396052
20240728,58,74,131,8,207,12.371688652896047,26.89400031417826,167.7343110329257
20240728,773,74,634,5,653,75.36430370626843,69.48516855919966,508.1505277345319
20240728,922,74,994,12,398,45.02221654164302,29.152822191064885,323.8249612672921
20240728,703,74,263,15,307,8.343236276809856,17.45425897054674,281.2025047526434
20240728,977,74,231,4,387,37.86526780062759,25.56389412977142,323.570838069601
20240728,863,74,231,13,616,18.9895551516129,86.23251701754599,510.7779278308411
20240728,192,74,118,2,211,10.7592756151899,27.412027134953068,172.82869724985704
20240728,148,74,184,6,836,31.533057369458014,107.45412084132163,697.0128217892204
20240728,565,74,59,19,425,9.150342110341969,50.916077671330626,364.9335802183274
20240728,468,74,73,16,636,88.04637018914322,65.30855509939178,482.645074711465
20240728,121,74,245,17,817,120.87429063577946,47.039806629194295,649.0859027350263
20240728,764,74,871,14,403,14.222968783532778,58.00127598875759,330.7757552277096
20240728,898,74,614,11,607,27.41623983639322,60.6662011803237,518.9175589832831
20240728,818,74,447,17,843,33.476136747690944,116.151580064846,693.372283187463
20240728,43,74,363,19,714,19.228891287964228,44.02834277641104,650.7427659356247
20240728,798,74,19,20,594,56.81490360294608,76.1028931794192,461.08220321763474
20240728,347,74,436,13,860,72.82371134965426,89.90216264391844,697.2741260064273
20240728,149,74,974,18,454,41.628299428119604,59.702319033815236,352.6693815380652
20240728,89,74,429,4,693,97.99127269189117,59.64930271747153,535.3594245906373
20240728,724,74,385,20,617,79.07531769524158,75.06192564593357,462.8627566588249
20240728,811,74,955,8,141,12.114808261410268,16.243432725791248,112.64175901279849
20240728,958,74,457,14,484,27.97891650342001,25.493956631125716,430.5271268654543
20240728,854,74,462,15,553,37.11722591056901,53.39046617291377,462.49230791651723
20240728,540,74,937,17,857,24.917109969093424,52.33934439957763,779.743545631329
20240728,60,74,246,20,721,44.879991919069184,63.63967425695787,612.480333823973
20240728,205,74,581,10,869,58.02608054886245,72.81278854014438,738.1611309109932
20240728,887,74,291,9,619,62.43767717518764,55.15491620798219,501.40740661683014
20240728,620,74,219,8,653,16.844717607770765,54.98565304393739,581.1696293482919
20240728,726,74,985,13,118,3.560431587270422,13.57738468685845,100.86218372587112
20240728,590,74,147,18,321,9.02521969753205,32.3896928960375,279.58508740643043
20240728,423,74,435,12,534,38.29868615009519,58.95799485874943,436.7433189911554
20240728,111,74,512,2,279,24.494326355024857,27.191282012320983,227.31439163265418
20240728,781,74,593,13,442,62.54633945584717,24.02489574047024,355.4287648036826
20240728,144,74,897,6,544,12.30836490308871,77.1263703527688,454.5652647441425
20240728,645,74,830,5,616,70.08811087942776,64.75288815167774,481.1590009688945
20240728,748,74,368,2,199,22.706760925286186,29.24465667266954,147.04858240204427
20240728,176,74,768,20,988,59.29450152372447,56.69257630529572,872.0129221709798
20240728,883,74,521,10,846,116.42923882050077,59.347743839967166,670.2230173395321
20240728,936,74,134,12,586,32.63947826891419,64.16892486986687,489.19159686121895
20240728,356,74,349,10,745,77.57273936850002,100.25158965645606,567.1756709750439
20240728,491,74,864,13,464,18.58467043119578,59.49148735462469,385.92384221417956
20240728,876,74,995,15,939,101.2034872478609,135.40932579177834,702.3871869603607
20240728,141,74,644,16,289,41.589027992132635,41.095708269564724,206.31526373830263
20240728,307,74,810,7,462,44.112710842350786,53.23680784683649,364.6504813108127
20240728,357,74,228,20,201,8.715626745245745,22.05566112400849,170.22871213074575
20240728,672,74,521,10,180,20.52276444311654,11.353631003490664,148.1236045533928
20240728,820,74,275,18,106,9.808167036167534,8.406744571895569,87.7850883919369
20240728,966,74,792,19,777,25.888639465586984,76.05900819916026,675.0523523352527
20240728,262,74,859,14,306,32.04656557886279,28.678776148241692,245.27465827289552
20240728,907,74,298,20,261,33.96373329324971,23.963635643265274,203.072631063485
20240728,821,74,821,12,513,63.25975391923302,48.58899482968628,401.1512512510807
20240728,865,74,137,16,437,44.123895927243034,57.3917158394699,335.48438823328706
20240728,235,74,154,18,628,85.41412477397684,69.99323557641897,472.59263964960417
20240728,684,74,465,15,397,58.42393416753281,42.26310937768001,296.3129564547872
20240728,22,74,737,14,854,57.615945447796264,122.75143870157325,673.6326158506305
20240728,814,74,762,9,256,9.885322979011033,22.1843016527252,223.93037536826375
20240728,217,74,261,17,336,49.593620995760425,24.307815139396133,262.0985638648434
20240728,831,74,945,18,515,69.29759864907163,40.329521584671085,405.37287976625726
20240728,821,74,608,13,562,67.84886611191605,61.75637108029502,432.39476280778894
20240728,355,74,244,5,408,46.214109259050204,60.56170832330234,301.22418241764746
20240728,777,74,693,13,443,22.204728637528397,65.4234030811049,355.3718682813667
20240728,966,74,779,17,504,71.07739193457296,49.606065056006926,383.3165430094201
20240728,142,74,588,19,860,113.28988511543534,87.092310368394,659.6178045161707
20240728,527,74,451,12,527,37.840673347168654,28.93659153053986,460.2227351222915
20240728,481,74,903,4,111,12.865150719201027,7.5294120461407426,90.60543723465823
20240728,950,74,209,17,821,79.32597128816599,122.54180975657984,619.1322189552542
20240728,465,74,137,18,889,62.1724255060913,47.35008333108522,779.4774911628235
20240728,568,74,291,7,436,35.10726722502291,63.438996167908115,337.453736607069
20240728,865,74,150,18,217,7.037331255136359,13.17528582305187,196.78738292181177
20240728,303,74,41,4,154,11.189704510420583,11.04132291097585,131.76897257860355
20240728,490,74,853,19,827,32.80110582796105,113.29477027972352,680.9041238923154
20240728,210,74,738,15,266,18.480354606119285,26.17322763311932,221.3464177607614
20240728,393,74,423,18,574,31.622409025650395,29.634037911989513,512.7435530623601
20240728,730,74,988,10,347,31.752872986779817,51.05457817553654,264.19254883768366
20240728,443,74,746,14,737,31.82585147934258,69.92378826657558,635.2503602540819
20240728,93,74,17,12,589,17.640051142768804,74.56344746089785,496.7965013963334
20240728,942,74,610,12,145,10.029435197284739,10.192177612332797,124.77838719038246
20240728,925,74,205,19,693,97.73048761399568,41.145335751686076,554.1241766343182
20240728,505,74,470,2,887,56.402345248674145,82.17694801239197,748.4207067389339
20240728,737,74,107,13,969,108.389690700091,99.97386884444498,760.636440455464
20240728,369,74,337,16,193,6.152845105785136,19.98605931116192,166.86109558305293
20240728,101,74,381,20,474,36.115732023664606,50.70050896299198,387.18375901334343
20240728,743,74,398,15,523,20.90901264570951,65.67122529427897,436.4197620600115
20240728,802,74,156,10,777,18.611627519858313,51.44034684138586,706.9480256387558
20240728,289,74,415,17,821,20.93955359291433,74.0964405101201,725.9640058969655
20240728,442,74,582,20,278,6.951499519740165,23.522184178606715,247.5263163016531
20240728,327,74,439,11,869,45.609057810066204,92.58196716099522,730.8089750289386
20240728,291,74,304,14,668,95.98191973626649,99.19959151082347,472.81848875291007
20240728,884,74,894,10,877,38.20729936436086,79.42854897749535,759.3641516581438
20240728,369,74,676,15,605,76.8193425142155,62.55721763295678,465.6234398528277
20240728,469,74,318,3,866,58.59416685563557,115.073296329116,692.3325368152484
20240728,692,74,113,11,172,3.7143731152301744,11.173897270327698,157.11172961444214
20240728,560,74,967,16,817,77.20279646577464,57.54871880321796,682.2484847310075
20240728,882,74,845,14,788,48.735192105539454,56.95233962905554,682.312468265405
20240728,663,74,736,15,636,90.99793590381276,50.859463150124974,494.14260094606226
20240728,758,74,881,12,758,98.95751078069871,76.7049195524239,582.3375696668774
20240728,919,74,386,12,634,24.91045688049787,45.97515870522528,563.1143844142769
20240728,186,74,979,9,909,46.85366663562633,74.20648696605204,787.9398463983216
20240728,187,74,67,7,247,29.83627960154005,21.73840381187244,195.4253165865875
20240728,568,74,669,19,219,16.276804597896646,23.22906041057917,179.4941349915242
20240728,610,74,507,13,692,35.13199708126012,103.53213898114213,553.3358639375978
20240728,511,74,957,6,290,15.595999555071119,18.17497372777245,256.22902671715644
20240728,121,74,882,1,319,21.088716879158042,44.205588040888735,253.70569507995322
20240728,238,74,108,8,932,93.54781097537412,54.21033667032751,784.2418523542983
20240728,336,74,83,20,645,37.01793663289164,35.009883303364376,572.972180063744
20240728,68,74,69,16,454,14.49802046198683,26.452963631964757,413.0490159060484
20240728,614,74,59,15,910,117.4980838643074,110.89852992936241,681.6033862063302
20240728,248,74,973,1,423,8.684204916783473,51.53855325562201,362.77724182759454
20240728,403,74,19,15,250,30.82053930393839,37.37813577690942,181.8013249191522
20240728,11,74,540,2,445,28.768721821356497,65.34335699261831,350.8879211860252
20240728,270,74,785,20,480,13.6839116459521,51.0282225599949,415.287865794053
20240728,663,74,889,10,752,36.38617825749178,76.52363257939949,639.0901891631088
20240728,528,74,948,13,939,34.98881526462098,56.54429014807719,847.4668945873018
20240728,578,74,264,16,930,53.35175139779138,111.11934589733809,765.5289027048705
20240728,974,74,928,16,351,24.135491080233354,52.61156961538824,274.2529393043784
20240728,683,74,983,8,781,31.6119021649417,57.196781916527755,692.1913159185306
20240728,656,74,354,4,852,20.065989759714487,72.81587195045958,759.118138289826
20240728,493,74,536,17,230,8.374249759442428,21.873511647067257,199.75223859349032
20240728,130,74,859,19,588,40.028997403603064,45.47765125061471,502.49335134578223
20240728,328,74,379,2,603,63.348494130889826,53.95903245395332,485.6924734151569
20240728,960,74,745,6,868,56.337225767768714,76.64268573167946,735.0200885005518
20240728,413,74,305,4,424,52.111754591876675,56.163005016222016,315.7252403919013
20240728,131,74,891,10,675,78.55973689732532,81.99788699920717,514.4423761034675
20240728,134,74,121,15,887,78.33347107566468,122.81596928894675,685.8505596353885
20240728,959,74,639,8,674,78.3784898712548,56.38306901899528,539.2384411097499
20240728,495,74,869,15,513,11.789417153410641,70.41024097883223,430.80034186775714
20240728,998,74,745,7,328,24.658179157310517,27.41762926195498,275.9241915807345
20240728,596,74,320,8,969,34.510590643363955,144.36232584165973,790.1270835149763
20240728,710,74,417,4,182,13.077045199279944,21.49161050637841,147.43134429434164
20240728,846,74,925,8,815,35.24619708223117,42.39722861019452,737.3565743075743
20240728,402,74,801,5,202,7.315671674497938,20.37643196215382,174.30789636334825
20240728,549,74,299,18,732,43.61475439923967,100.97386695209255,587.4113786486678
20240728,223,74,610,3,673,37.29884097895343,58.00759158678437,577.6935674342621
20240728,892,74,851,17,436,54.58412049575696,30.59441339423865,350.8214661100044
20240728,268,74,766,5,115,7.715325722580045,9.61668271983234,97.66799155758761
